zone,m2,sum,count,min,max,mean
very high,"30840952.90722057","30.40458303","4624","0.00000000","4.78545761","0.00657539"
low,"8183790.92066601","3671.45011701","1227","0.00000000","87.27142334","2.99221688"
moderate,"7430108.46423956","8.96307959","1114","0.00000000","0.51207620","0.00804585"
high,"16474297.94135701","26.59013066","2470","0.00000000","0.22317630","0.01076524"
